Workbook

Sheet Inventory
A1: SKU/ID | B1: Item Nameitm | C1: Daily Rate | D1: Total Quantity Owned
A2: CAM-001 | B2: Sony a7iv Camera Body 84 | C2: 6000 | D2: 1
A3: CAM-002 | B3: Sony a7iv Camera Body 72 | C3: 6000 | D3: 1
A4: LNS-001 | B4: Sigma 70-200mm f/2.8 DG DN OS Sports Lens (Sony E) | C4: 5000 | D4: 1
A5: LNS-002 | B5: Sony FE 24-70mm f/2.8 GM II Lens | C5: 5000 | D5: 1
A6: LNS-003 | B6: Sony FE 50mm f/1.4 GM Lens | C6: 4000 | D6: 1
A7: LNS-004 | B7: Sigma 85 mm f/1.4 DG DN Art Lens for Sony E | C7: 3500 | D7: 1
A8: LNS-005 | B8: Sigma 20 mm f/1.4 DG DN Art Lens for Sony E | C8: 3500 | D8: 1
A9: LNS-006 | B9: Sigma 35 mm f/1.4 DG DN Art Lens for Sony E | C9: 3500 | D9: 1
A10: LNS-007 | B10: Sony FE 50mm f/1.8 Lens | C10: 2000 | D10: 1
A11: DRN-001 | B11: DJI Air 3S Drone with RC 2 Fly More Combo | C11: 18000 | D11: 1
A12: LGT-001 | B12: Godox AD600Pro Witstro All in one Outdoor Flash With Godox P90 Parabolic Softbox with Stand | C12: 6000 | D12: 1
A13: LGT-002 | B13: Godox AD600BM II Witstro Manual All-In-One Outdoor Flash with Godox P90 Parabolic Softbox and Stand | C13: 5500 | D13: 1
... A46: CAM-003 | B46: GoPro HERO 8 Black | C46: 2500 | D46: 1
A47: BAG-001 | B47: Side Bag | C47: Free | D47: 2
A48: BAG-002 | B48: Lense Bag | C48: Free | D48: 4
A49: STB-003 | B49: Mobile gimble 7P | C49: 2500 | D49: 1
A50: PWR-003f | B50: Free-Sony NP FZ100 Rechargeable Lithium Ion Battery | C50: Free | D50: 3
A51: PWR-004f | B51: Free_AXG K&F NP-FZ100 Battery for Sony | C51: Free | D51: 1
A52: PWR-005f | B52: Free-Nitecore NP-FZ100 Battery for Sony | C52: Free | D52: 1
A53: MEM-002f | B53: Free-SanDisk 64GB Extreme PRO UHS I SDXC 200MBps Memory Card | C53: Free | D53: 6
A54: PWR-009f | B54: Free-camera charger cable | C54: Free | D54: 1
A55: PWR-008f | B55: Free-Sony Battery Charger | C55: Free | D55: 1
A56: BAG-003 | B56: K&F Camera Backpack | C56: 1000 | D56: 1

Sheet Bookings
A1: Booking ID | B1: Customer ID | C1: Customer Name | D1: Item | E1: Start Date | F1: End Date | G1: Unit Price | H1: Status | I1: Total Price
A2: 275 | B2: 14 | C2: =VLOOKUP(B2,Customer!A:B,2,FALSE) -> Hirusha Lakshika Rupasingha | D2: Sigma 35 mm f/1.4 DG DN Art Lens for Sony E | E2: 46051 | F2: 46052 | G2: =IFERROR(VLOOKUP(D2,Inventory!B:C,2,FALSE),"") -> 3500 | H2: Booked | I2: 11000
C3: =VLOOKUP(B3,Customer!A:B,2,FALSE) -> #N/A | D3: Godox V1 Flash for Sony | E3: 46051 | F3: 46052 | G3: =IFERROR(VLOOKUP(D3,Inventory!B:C,2,FALSE),"") -> 2000
C4: =VLOOKUP(B4,Customer!A:B,2,FALSE) -> #N/A | D4: Side Bag | G4: =IFERROR(VLOOKUP(D4,Inventory!B:C,2,FALSE),"") -> Free
A5: 310 | B5: 64 | C5: =VLOOKUP(B5,Customer!A:B,2,FALSE) -> Kuda Mannalage Keerthi Ranjith | D5: Sigma 85 mm f/1.4 DG DN Art Lens for Sony E | E5: 46051 | F5: 46051 | G5: =IFERROR(VLOOKUP(D5,Inventory!B:C,2,FALSE),"") -> 3500
C6: =VLOOKUP(B6,Customer!A:B,2,FALSE) -> #N/A | D6: Lense Bag | G6: =IFERROR(VLOOKUP(D6,Inventory!B:C,2,FALSE),"") -> Free
A7: 312 | B7: 39 | C7: =VLOOKUP(B7,Customer!A:B,2,FALSE) -> Hewa Magallagodage Kamal Sanjeewa | D7: Sigma 85 mm f/1.4 DG DN Art Lens for Sony E | E7: 46050 | F7: 46050 | G7: =IFERROR(VLOOKUP(D7,Inventory!B:C,2,FALSE),"") -> 3500
C8: =VLOOKUP(B8,Customer!A:B,2,FALSE) -> #N/A | D8: Lense Bag | G8: =IFERROR(VLOOKUP(D8,Inventory!B:C,2,FALSE),"") -> Free
A9: 320 | B9: 64 | C9: =VLOOKUP(B9,Customer!A:B,2,FALSE) -> Kuda Mannalage Keerthi Ranjith | D9: Sony FE 50mm f/1.4 GM Lens | E9: 46050 | F9: 46050 | G9: =IFERROR(VLOOKUP(D9,Inventory!B:C,2,FALSE),"") -> 4000
C10: =VLOOKUP(B10,Customer!A:B,2,FALSE) -> #N/A | D10: Lense Bag | G10: =IFERROR(VLOOKUP(D10,Inventory!B:C,2,FALSE),"") -> Free
A11: 330 | B11: 66 | C11: =VLOOKUP(B11,Customer!A:B,2,FALSE) -> Nanayakkara Wewa kandambige Janith Lakshan | D11: Sony FE 24-70mm f/2.8 GM II Lens | E11: 46051 | F11: 46051 | G11: =IFERROR(VLOOKUP(D11,Inventory!B:C,2,FALSE),"") -> 5000
C12: =VLOOKUP(B12,Customer!A:B,2,FALSE) -> #N/A | D12: Lense Bag | G12: =IFERROR(VLOOKUP(D12,Inventory!B:C,2,FALSE),"") -> Free
A13: 336 | B13: 23 | C13: =VLOOKUP(B13,Customer!A:B,2,FALSE) -> Sandul Sithmina Danthanarayana Rosairo | D13: DJI RS 3 Mini Stabilizer | E13: 46055 | F13: 46055 | G13: =IFERROR(VLOOKUP(D13,Inventory!B:C,2,FALSE),"") -> 3500
C14: =VLOOKUP(B14,Customer!A:B,2,FALSE) -> #N/A | G14: =IFERROR(VLOOKUP(D14,Inventory!B:C,2,FALSE),"")
A15: 342 | B15: 9 | C15: =VLOOKUP(B15,Customer!A:B,2,FALSE) -> Buddhika Prasad | D15: Sigma 20 mm f/1.4 DG DN Art Lens for Sony E | E15: 46051 | F15: 46051 | G15: =IFERROR(VLOOKUP(D15,Inventory!B:C,2,FALSE),"") -> 3500
C16: =VLOOKUP(B16,Customer!A:B,2,FALSE) -> #N/A | D16: Lense Bag | G16: =IFERROR(VLOOKUP(D16,Inventory!B:C,2,FALSE),"") -> Free
A17: 344 | B17: 3 | C17: =VLOOKUP(B17,Customer!A:B,2,FALSE) -> Hasitha Weerasinghe | D17: Sony FE 50mm f/1.4 GM Lens | E17: 46058 | F17: 46058 | G17: =IFERROR(VLOOKUP(D17,Inventory!B:C,2,FALSE),"") -> 4000
C18: =VLOOKUP(B18,Customer!A:B,2,FALSE) -> #N/A | D18: Lense Bag | G18: =IFERROR(VLOOKUP(D18,Inventory!B:C,2,FALSE),"") -> Free
A19: 353 | B19: 66 | C19: =VLOOKUP(B19,Customer!A:B,2,FALSE) -> Nanayakkara Wewa kandambige Janith Lakshan | D19: Sony a7iv Camera Body 72 | E19: 46050 | F19: 46050 | G19: =IFERROR(VLOOKUP(D19,Inventory!B:C,2,FALSE),"") -> 6000
C20: =VLOOKUP(B20,Customer!A:B,2,FALSE) -> #N/A | D20: Sony NP FZ100 Rechargeable Lithium Ion Battery | E20: 46050 | F20: 46050 | G20: =IFERROR(VLOOKUP(D20,Inventory!B:C,2,FALSE),"") -> 600
C21: =VLOOKUP(B21,Customer!A:B,2,FALSE) -> #N/A | D21: Nitecore NP-FZ100 Battery for Sony | E21: 46050 | F21: 46050 | G21: =IFERROR(VLOOKUP(D21,Inventory!B:C,2,FALSE),"") -> 500
C22: =VLOOKUP(B22,Customer!A:B,2,FALSE) -> #N/A | D22: Sony Battery Charger | E22: 46050 | F22: 46050 | G22: =IFERROR(VLOOKUP(D22,Inventory!B:C,2,FALSE),"") -> 400
C23: =VLOOKUP(B23,Customer!A:B,2,FALSE) -> #N/A | D23: SanDisk 64GB Extreme PRO UHS I SDXC 200MBps Memory Card | E23: 46050 | F23: 46050 | G23: =IFERROR(VLOOKUP(D23,Inventory!B:C,2,FALSE),"") -> 500
C24: =VLOOKUP(B24,Customer!A:B,2,FALSE) -> #N/A | D24: Sony FE 24-70mm f/2.8 GM II Lens | E24: 46050 | F24: 46050 | G24: =IFERROR(VLOOKUP(D24,Inventory!B:C,2,FALSE),"") -> 5000
C25: =VLOOKUP(B25,Customer!A:B,2,FALSE) -> #N/A | D25: Side Bag | E25: 46050 | F25: 46050 | G25: =IFERROR(VLOOKUP(D25,Inventory!B:C,2,FALSE),"") -> Free
A26: 354 | B26: 66 | C26: =VLOOKUP(B26,Customer!A:B,2,FALSE) -> Nanayakkara Wewa kandambige Janith Lakshan | D26: Sony a7iv Camera Body 72 | E26: 46051 | F26: 46051 | G26: =IFERROR(VLOOKUP(D26,Inventory!B:C,2,FALSE),"") -> 6000
C27: =VLOOKUP(B27,Customer!A:B,2,FALSE) -> #N/A | D27: Sony Battery Charger | E27: 46051 | F27: 46051 | G27: =IFERROR(VLOOKUP(D27,Inventory!B:C,2,FALSE),"") -> 400
C28: =VLOOKUP(B28,Customer!A:B,2,FALSE) -> #N/A | D28: Sony NP FZ100 Rechargeable Lithium Ion Battery | E28: 46051 | F28: 46051 | G28: =IFERROR(VLOOKUP(D28,Inventory!B:C,2,FALSE),"") -> 600
C29: =VLOOKUP(B29,Customer!A:B,2,FALSE) -> #N/A | D29: Nitecore NP-FZ100 Battery for Sony | E29: 46051 | F29: 46051 | G29: =IFERROR(VLOOKUP(D29,Inventory!B:C,2,FALSE),"") -> 500
C30: =VLOOKUP(B30,Customer!A:B,2,FALSE) -> #N/A | D30: SanDisk 64GB Extreme PRO UHS I SDXC 200MBps Memory Card | E30: 46051 | F30: 46051 | G30: =IFERROR(VLOOKUP(D30,Inventory!B:C,2,FALSE),"") -> 500
C31: =VLOOKUP(B31,Customer!A:B,2,FALSE) -> #N/A | D31: Side Bag | E31: 46051 | F31: 46051 | G31: =IFERROR(VLOOKUP(D31,Inventory!B:C,2,FALSE),"") -> Free
A32: 358 | B32: 64 | C32: =VLOOKUP(B32,Customer!A:B,2,FALSE) -> Kuda Mannalage Keerthi Ranjith | D32: Sigma 85 mm f/1.4 DG DN Art Lens for Sony E | E32: 46156 | F32: 46156 | G32: =IFERROR(VLOOKUP(D32,Inventory!B:C,2,FALSE),"") -> 3500
C33: =VLOOKUP(B33,Customer!A:B,2,FALSE) -> #N/A | D33: Lense Bag | E33: 46156 | F33: 46156 | G33: =IFERROR(VLOOKUP(D33,Inventory!B:C,2,FALSE),"") -> Free
A34: 360 | B34: 26 | C34: =VLOOKUP(B34,Customer!A:B,2,FALSE) -> Wikash Rahul De Silwa Weerakkodi | D34: Sony FE 24-70mm f/2.8 GM II Lens | E34: 46053 | F34: 46053 | G34: =IFERROR(VLOOKUP(D34,Inventory!B:C,2,FALSE),"") -> 5000
C35: =VLOOKUP(B35,Customer!A:B,2,FALSE) -> #N/A | D35: Godox V1 Flash for Sony | E35: 46053 | F35: 46053 | G35: =IFERROR(VLOOKUP(D35,Inventory!B:C,2,FALSE),"") -> 2000
C36: =VLOOKUP(B36,Customer!A:B,2,FALSE) -> #N/A | D36: Side Bag | E36: 46053 | F36: 46053 | G36: =IFERROR(VLOOKUP(D36,Inventory!B:C,2,FALSE),"") -> Free
A37: 392 | B37: 64 | C37: =VLOOKUP(B37,Customer!A:B,2,FALSE) -> Kuda Mannalage Keerthi Ranjith | D37: Sigma 85 mm f/1.4 DG DN Art Lens for Sony E | E37: 46148 | F37: 46149 | G37: =IFERROR(VLOOKUP(D37,Inventory!B:C,2,FALSE),"") -> 3500 | I37: 7000
C38: =VLOOKUP(B38,Customer!A:B,2,FALSE) -> #N/A | D38: Lense Bag | E38: 46148 | F38: 46149 | G38: =IFERROR(VLOOKUP(D38,Inventory!B:C,2,FALSE),"") -> Free
A39: 406 | B39: 7 | C39: =VLOOKUP(B39,Customer!A:B,2,FALSE) -> Nadeera Ravindu Lakshan | D39: Sony a7iv Camera Body 72 | E39: 46160 | F39: 46160 | G39: =IFERROR(VLOOKUP(D39,Inventory!B:C,2,FALSE),"") -> 6000 | I39: =SUM(G39:G47) -> 13500
C40: =VLOOKUP(B40,Customer!A:B,2,FALSE) -> #N/A | D40: Sigma 85 mm f/1.4 DG DN Art Lens for Sony E | E40: 46160 | F40: 46160 | G40: =IFERROR(VLOOKUP(D40,Inventory!B:C,2,FALSE),"") -> 3500
C41: =VLOOKUP(B41,Customer!A:B,2,FALSE) -> #N/A | D41: Sigma 35 mm f/1.4 DG DN Art Lens for Sony E | E41: 46160 | F41: 46160 | G41: =IFERROR(VLOOKUP(D41,Inventory!B:C,2,FALSE),"") -> 3500
C42: =VLOOKUP(B42,Customer!A:B,2,FALSE) -> #N/A | D42: Free-Sony NP FZ100 Rechargeable Lithium Ion Battery | E42: 46160 | F42: 46160 | G42: =IFERROR(VLOOKUP(D42,Inventory!B:C,2,FALSE),"") -> Free
C43: =VLOOKUP(B43,Customer!A:B,2,FALSE) -> #N/A | D43: Free-Nitecore NP-FZ100 Battery for Sony | E43: 46160 | F43: 46160 | G43: =IFERROR(VLOOKUP(D43,Inventory!B:C,2,FALSE),"") -> Free
C44: =VLOOKUP(B44,Customer!A:B,2,FALSE) -> #N/A | D44: Free-camera charger cable | E44: 46160 | F44: 46160 | G44: =IFERROR(VLOOKUP(D44,Inventory!B:C,2,FALSE),"") -> Free
C45: =VLOOKUP(B45,Customer!A:B,2,FALSE) -> #N/A | D45: Side Bag | E45: 46160 | F45: 46160 | G45: =IFERROR(VLOOKUP(D45,Inventory!B:C,2,FALSE),"") -> Free
C46: =VLOOKUP(B46,Customer!A:B,2,FALSE) -> #N/A | D46: Free-SanDisk 64GB Extreme PRO UHS I SDXC 200MBps Memory Card | E46: 46160 | F46: 46160 | G46: =IFERROR(VLOOKUP(D46,Inventory!B:C,2,FALSE),"") -> Free
C47: =VLOOKUP(B47,Customer!A:B,2,FALSE) -> #N/A | D47: SanDisk 64GB Extreme PRO UHS I SDXC 200MBps Memory Card | E47: 46160 | F47: 46160 | G47: =IFERROR(VLOOKUP(D47,Inventory!B:C,2,FALSE),"") -> 500
A48: 425 | B48: 66 | C48: =VLOOKUP(B48,Customer!A:B,2,FALSE) -> Nanayakkara Wewa kandambige Janith Lakshan | D48: Sony a7iv Camera Body 72 | E48: 46167 | F48: 46167 | G48: =IFERROR(VLOOKUP(D48,Inventory!B:C,2,FALSE),"") -> 6000 | H48: Booked | I48: =SUM(G48:G59) -> 18500
C49: =VLOOKUP(B49,Customer!A:B,2,FALSE) -> #N/A | D49: Free-Sony NP FZ100 Rechargeable Lithium Ion Battery | E49: 46167 | F49: 46167 | G49: =IFERROR(VLOOKUP(D49,Inventory!B:C,2,FALSE),"") -> Free | H49: Booked
C50: =VLOOKUP(B50,Customer!A:B,2,FALSE) -> #N/A | D50: Free-Nitecore NP-FZ100 Battery for Sony | E50: 46167 | F50: 46167 | G50: =IFERROR(VLOOKUP(D50,Inventory!B:C,2,FALSE),"") -> Free | H50: Booked
C51: =VLOOKUP(B51,Customer!A:B,2,FALSE) -> #N/A | D51: Sony FE 50mm f/1.4 GM Lens | E51: 46167 | F51: 46167 | G51: =IFERROR(VLOOKUP(D51,Inventory!B:C,2,FALSE),"") -> 4000 | H51: Booked
C52: =VLOOKUP(B52,Customer!A:B,2,FALSE) -> #N/A | D52: Sony FE 24-70mm f/2.8 GM II Lens | E52: 46167 | F52: 46167 | G52: =IFERROR(VLOOKUP(D52,Inventory!B:C,2,FALSE),"") -> 5000 | H52: Booked
C53: =VLOOKUP(B53,Customer!A:B,2,FALSE) -> #N/A | D53: SanDisk 64GB Extreme PRO UHS I SDXC 200MBps Memory Card | E53: 46167 | F53: 46167 | G53: =IFERROR(VLOOKUP(D53,Inventory!B:C,2,FALSE),"") -> 500
C54: =VLOOKUP(B54,Customer!A:B,2,FALSE) -> #N/A | D54: Free-SanDisk 64GB Extreme PRO UHS I SDXC 200MBps Memory Card | E54: 46167 | F54: 46167 | G54: =IFERROR(VLOOKUP(D54,Inventory!B:C,2,FALSE),"") -> Free
C55: =VLOOKUP(B55,Customer!A:B,2,FALSE) -> #N/A | D55: Side Bag | E55: 46167 | F55: 46167 | G55: =IFERROR(VLOOKUP(D55,Inventory!B:C,2,FALSE),"") -> Free
C56: =VLOOKUP(B56,Customer!A:B,2,FALSE) -> #N/A | D56: Side Bag | E56: 46167 | F56: 46167 | G56: =IFERROR(VLOOKUP(D56,Inventory!B:C,2,FALSE),"") -> Free
C57: =VLOOKUP(B57,Customer!A:B,2,FALSE) -> #N/A | D57: Godox V1 Flash for Sony | E57: 46167 | F57: 46167 | G57: =IFERROR(VLOOKUP(D57,Inventory!B:C,2,FALSE),"") -> 2000
C58: =VLOOKUP(B58,Customer!A:B,2,FALSE) -> #N/A | D58: Godox XPros TTL Wireless Flash Trigger for Sony Cameras | E58: 46167 | F58: 46167 | G58: =IFERROR(VLOOKUP(D58,Inventory!B:C,2,FALSE),"") -> 1000
C59: =VLOOKUP(B59,Customer!A:B,2,FALSE) -> #N/A | D59: Free-Sony Battery Charger | E59: 46167 | F59: 46167 | G59: =IFERROR(VLOOKUP(D59,Inventory!B:C,2,FALSE),"") -> Free
A60: 426 | B60: 66 | C60: =VLOOKUP(B60,Customer!A:B,2,FALSE) -> Nanayakkara Wewa kandambige Janith Lakshan | D60: Sony a7iv Camera Body 72 | E60: 46169 | F60: 46169 | G60: =IFERROR(VLOOKUP(D60,Inventory!B:C,2,FALSE),"") -> 6000 | I60: =sum(G60:G71) -> 18500
C61: =VLOOKUP(B61,Customer!A:B,2,FALSE) -> #N/A | D61: Free-Sony NP FZ100 Rechargeable Lithium Ion Battery | E61: 46169 | F61: 46169 | G61: =IFERROR(VLOOKUP(D61,Inventory!B:C,2,FALSE),"") -> Free
C62: =VLOOKUP(B62,Customer!A:B,2,FALSE) -> #N/A | D62: Free-Nitecore NP-FZ100 Battery for Sony | E62: 46169 | F62: 46169 | G62: =IFERROR(VLOOKUP(D62,Inventory!B:C,2,FALSE),"") -> Free
C63: =VLOOKUP(B63,Customer!A:B,2,FALSE) -> #N/A | D63: Sony FE 50mm f/1.4 GM Lens | E63: 46169 | F63: 46169 | G63: =IFERROR(VLOOKUP(D63,Inventory!B:C,2,FALSE),"") -> 4000
C64: =VLOOKUP(B64,Customer!A:B,2,FALSE) -> #N/A | D64: Sony FE 24-70mm f/2.8 GM II Lens | E64: 46169 | F64: 46169 | G64: =IFERROR(VLOOKUP(D64,Inventory!B:C,2,FALSE),"") -> 5000
C65: =VLOOKUP(B65,Customer!A:B,2,FALSE) -> #N/A | D65: Free-SanDisk 64GB Extreme PRO UHS I SDXC 200MBps Memory Card | E65: 46169 | F65: 46169 | G65: =IFERROR(VLOOKUP(D65,Inventory!B:C,2,FALSE),"") -> Free
C66: =VLOOKUP(B66,Customer!A:B,2,FALSE) -> #N/A | D66: SanDisk 64GB Extreme PRO UHS I SDXC 200MBps Memory Card | E66: 46169 | F66: 46169 | G66: =IFERROR(VLOOKUP(D66,Inventory!B:C,2,FALSE),"") -> 500
C67: =VLOOKUP(B67,Customer!A:B,2,FALSE) -> #N/A | D67: Godox V1 Flash for Sony | E67: 46169 | F67: 46169 | G67: =IFERROR(VLOOKUP(D67,Inventory!B:C,2,FALSE),"") -> 2000
C68: =VLOOKUP(B68,Customer!A:B,2,FALSE) -> #N/A | D68: Godox XPros TTL Wireless Flash Trigger for Sony Cameras | E68: 46169 | F68: 46169 | G68: =IFERROR(VLOOKUP(D68,Inventory!B:C,2,FALSE),"") -> 1000
C69: =VLOOKUP(B69,Customer!A:B,2,FALSE) -> #N/A | D69: Side Bag | E69: 46169 | F69: 46169 | G69: =IFERROR(VLOOKUP(D69,Inventory!B:C,2,FALSE),"") -> Free
C70: =VLOOKUP(B70,Customer!A:B,2,FALSE) -> #N/A | D70: Side Bag | E70: 46169 | F70: 46169 | G70: =IFERROR(VLOOKUP(D70,Inventory!B:C,2,FALSE),"") -> Free
C71: =VLOOKUP(B71,Customer!A:B,2,FALSE) -> #N/A | D71: Free-Sony Battery Charger | E71: 46169 | F71: 46169 | G71: =IFERROR(VLOOKUP(D71,Inventory!B:C,2,FALSE),"") -> Free
A72: 455 | B72: 9 | C72: =VLOOKUP(B72,Customer!A:B,2,FALSE) -> Buddhika Prasad | D72: Sony a7iv Camera Body 72 | E72: 46156 | F72: 46156 | G72: =IFERROR(VLOOKUP(D72,Inventory!B:C,2,FALSE),"") -> 6000 | I72: =sum(G72:G78) -> 9500
C73: =VLOOKUP(B73,Customer!A:B,2,FALSE) -> #N/A | D73: Free-Sony NP FZ100 Rechargeable Lithium Ion Battery | E73: 46156 | F73: 46156 | G73: =IFERROR(VLOOKUP(D73,Inventory!B:C,2,FALSE),"") -> Free
C74: =VLOOKUP(B74,Customer!A:B,2,FALSE) -> #N/A | D74: Free_AXG NP-FZ100 Battery for Sony | E74: 46156 | F74: 46156 | G74: =IFERROR(VLOOKUP(D74,Inventory!B:C,2,FALSE),"")
C75: =VLOOKUP(B75,Customer!A:B,2,FALSE) -> #N/A | D75: Free-camera charger cable | E75: 46156 | F75: 46156 | G75: =IFERROR(VLOOKUP(D75,Inventory!B:C,2,FALSE),"") -> Free
C76: =VLOOKUP(B76,Customer!A:B,2,FALSE) -> #N/A | D76: Free-SanDisk 64GB Extreme PRO UHS I SDXC 200MBps Memory Card | E76: 46156 | F76: 46156 | G76: =IFERROR(VLOOKUP(D76,Inventory!B:C,2,FALSE),"") -> Free
C77: =VLOOKUP(B77,Customer!A:B,2,FALSE) -> #N/A | D77: Side Bag | E77: 46156 | F77: 46156 | G77: =IFERROR(VLOOKUP(D77,Inventory!B:C,2,FALSE),"") -> Free
C78: =VLOOKUP(B78,Customer!A:B,2,FALSE) -> #N/A | D78: Sigma 35 mm f/1.4 DG DN Art Lens for Sony E | E78: 46156 | F78: 46156 | G78: =IFERROR(VLOOKUP(D78,Inventory!B:C,2,FALSE),"") -> 3500
A79: 466 | B79: 3 | C79: =VLOOKUP(B79,Customer!A:B,2,FALSE) -> Hasitha Weerasinghe | D79: Sony FE 50mm f/1.4 GM Lens | E79: 46150 | F79: 46150 | G79: =IFERROR(VLOOKUP(D79,Inventory!B:C,2,FALSE),"") -> 4000 | I79: 4000
C80: =VLOOKUP(B80,Customer!A:B,2,FALSE) -> #N/A | D80: Lense Bag | E80: 46150 | F80: 46150 | G80: =IFERROR(VLOOKUP(D80,Inventory!B:C,2,FALSE),"") -> Free
A81: 474 | B81: 39 | C81: =VLOOKUP(B81,Customer!A:B,2,FALSE) -> Hewa Magallagodage Kamal Sanjeewa | D81: Sigma 85 mm f/1.4 DG DN Art Lens for Sony E | E81: 46163 | F81: 46163 | G81: =IFERROR(VLOOKUP(D81,Inventory!B:C,2,FALSE),"") -> 3500 | I81: 3500
C82: =VLOOKUP(B82,Customer!A:B,2,FALSE) -> #N/A | D82: Lense Bag | E82: 46163 | F82: 46163 | G82: =IFERROR(VLOOKUP(D82,Inventory!B:C,2,FALSE),"") -> Free
A83: 480 | B83: 3 | C83: =VLOOKUP(B83,Customer!A:B,2,FALSE) -> Hasitha Weerasinghe | D83: Sony FE 50mm f/1.4 GM Lens | E83: 46156 | F83: 46156 | G83: =IFERROR(VLOOKUP(D83,Inventory!B:C,2,FALSE),"") -> 4000 | I83: 6000
C84: =VLOOKUP(B84,Customer!A:B,2,FALSE) -> #N/A | D84: Godox Ving V860m TTL Li-Ion Flash Kit for Sony Cameras | E84: 46156 | F84: 46156 | G84: =IFERROR(VLOOKUP(D84,Inventory!B:C,2,FALSE),"") -> 2000
C85: =VLOOKUP(B85,Customer!A:B,2,FALSE) -> #N/A | D85: Side Bag | E85: 46156 | F85: 46156 | G85: =IFERROR(VLOOKUP(D85,Inventory!B:C,2,FALSE),"") -> Free
A86: 482 | B86: 53 | C86: =VLOOKUP(B86,Customer!A:B,2,FALSE) -> Rampatige Sujeewa Priyantha | D86: DJI RS 4 Gimbal Stabilizer | E86: 46170 | F86: 46170 | G86: =IFERROR(VLOOKUP(D86,Inventory!B:C,2,FALSE),"") -> 4500 | I86: 7000
C87: =VLOOKUP(B87,Customer!A:B,2,FALSE) -> #N/A | D87: Godox LC500R RGB LED Light Stick | E87: 46170 | F87: 46170 | G87: =IFERROR(VLOOKUP(D87,Inventory!B:C,2,FALSE),"") -> 2500
A88: 504 | B88: 94 | C88: =VLOOKUP(B88,Customer!A:B,2,FALSE) -> Edirisinghe Kankanamge Thisara Roshitha | D88: Sony a7iv Camera Body 72 | E88: 46147 | F88: 46147 | G88: =IFERROR(VLOOKUP(D88,Inventory!B:C,2,FALSE),"") -> 6000 | H88: Taken Out | I88: =sum(G88:G94) -> 14000
C89: =VLOOKUP(B89,Customer!A:B,2,FALSE) -> #N/A | D89: Free-Sony NP FZ100 Rechargeable Lithium Ion Battery | E89: 46147 | F89: 46147 | G89: =IFERROR(VLOOKUP(D89,Inventory!B:C,2,FALSE),"") -> Free | H89: Taken Out
C90: =VLOOKUP(B90,Customer!A:B,2,FALSE) -> #N/A | D90: Free-Nitecore NP-FZ100 Battery for Sony | E90: 46147 | F90: 46147 | G90: =IFERROR(VLOOKUP(D90,Inventory!B:C,2,FALSE),"") -> Free | H90: Taken Out
C91: =VLOOKUP(B91,Customer!A:B,2,FALSE) -> #N/A | D91: Godox LC500R RGB LED Light Stick | E91: 46147 | F91: 46147 | G91: =IFERROR(VLOOKUP(D91,Inventory!B:C,2,FALSE),"") -> 2500 | H91: Taken Out
D92: Godox V1 Flash for Sony | E92: 46147 | F92: 46147 | G92: 2000 | H92: Taken Out
C93: =VLOOKUP(B93,Customer!A:B,2,FALSE) -> #N/A | D93: Sigma 85 mm f/1.4 DG DN Art Lens for Sony E | E93: 46147 | F93: 46147 | G93: =IFERROR(VLOOKUP(D93,Inventory!B:C,2,FALSE),"") -> 3500 | H93: Taken Out
C94: =VLOOKUP(B94,Customer!A:B,2,FALSE) -> #N/A | D94: Side Bag | E94: 46147 | F94: 46147 | G94: =IFERROR(VLOOKUP(D94,Inventory!B:C,2,FALSE),"") -> Free | H94: Taken Out
A95: 506 | B95: 26 | C95: =VLOOKUP(B95,Customer!A:B,2,FALSE) -> Wikash Rahul De Silwa Weerakkodi | D95: Sony FE 24-70mm f/2.8 GM II Lens | E95: 46148 | F95: 46148 | G95: =IFERROR(VLOOKUP(D95,Inventory!B:C,2,FALSE),"") -> 5000 | I95: 7000
C96: =VLOOKUP(B96,Customer!A:B,2,FALSE) -> #N/A | D96: Godox V1 Flash for Sony | E96: 46148 | F96: 46148 | G96: =IFERROR(VLOOKUP(D96,Inventory!B:C,2,FALSE),"") -> 2000
C97: =VLOOKUP(B97,Customer!A:B,2,FALSE) -> #N/A | D97: Side Bag | E97: 46148 | F97: 46148 | G97: =IFERROR(VLOOKUP(D97,Inventory!B:C,2,FALSE),"") -> Free
A98: 507 | B98: 3 | C98: =VLOOKUP(B98,Customer!A:B,2,FALSE) -> Hasitha Weerasinghe | D98: Sony FE 50mm f/1.4 GM Lens | E98: 46177 | F98: 46177 | G98: =IFERROR(VLOOKUP(D98,Inventory!B:C,2,FALSE),"") -> 4000 | I98: 4000
C99: =VLOOKUP(B99,Customer!A:B,2,FALSE) -> #N/A | D99: Lense Bag | E99: 46177 | F99: 46177 | G99: =IFERROR(VLOOKUP(D99,Inventory!B:C,2,FALSE),"") -> Free
A100: 514 | B100: 3 | C100: =VLOOKUP(B100,Customer!A:B,2,FALSE) -> Hasitha Weerasinghe | D100: Sony FE 50mm f/1.4 GM Lens | E100: 46149 | F100: 46149 | G100: =IFERROR(VLOOKUP(D100,Inventory!B:C,2,FALSE),"") -> 4000 | I100: 4000
...

Sheet Availability
B1: Item to Check | C1: Sony FE 50mm f/1.8 Lens
B2: Desired Start Date | C2: 46150
B3: Desired End Date | C3: 46150
C5: =IF(OR(C1="", C2="", C3=""), "Enter Item & Dates", IF(C3 < C2, "⚠️ End Date is before Start Date", IF(COUNTIFS(Bookings!$D$2:$D$1682, C1, Bookings!$E$2:$E$1682, "<="&C3, Bookings!$F$2:$F$1682, ">="&C2, Bookings!$H$2:$H$1682, "<>Returned") > 0, "❌ ALREADY BOOKED", "✅ AVAILABLE"))) -> ✅ AVAILABLE
B10: Currently Rented Out

Sheet Customer
A1: Customer ID | B1: Full Name | C1: Phone Number | D1: Second Number | E1: NIC / ID Number | F1: Address | G1: ID Photo | H1: Home Contact
A2: 1 | B2: Saranga | C2: 768013158
A3: 2 | B3: Shehara | C3: 773062251 | E3: 200625500819
A4: 3 | B4: Hasitha Weerasinghe | C4: 716498441 | E4: 200308810348
A5: 4 | B5: Dinesh Vidanagamage | C5: 765527705 | E5: 951603457V
A6: 5 | B6: Kasun Rangana | C6: 715954620 | E6: 893544712V
A7: 6 | B7: Gihan Pramudya | C7: 771257034 | E7: 200209905584
A8: 7 | B8: Nadeera Ravindu Lakshan | C8: 779786182 | E8: 980042545V
A9: 8 | B9: Wathukarage Ganindu Devmina | C9: 701882956 | E9: 200414603134
A10: 9 | B10: Buddhika Prasad | C10: 767274680 | E10: 982790875V
A11: 10 | B11: Madduma Walpolage Sahan Viduranga | C11: 719158032 | E11: 200414904170
A12: 11 | B12: Gangabadawaththage Namindu Vishal Sathsara | C12: 724681955 | E12: 200422605000
A13: 12 | B13: Abeweera Arachchige Pasindu Sandakelum | C13: 704972883 | E13: 200211103447
A14: 13 | B14: Abesekara Kaushika Nimsara | C14: 788854286 | E14: 200514700759
A15: 14 | B15: Hirusha Lakshika Rupasingha | C15: 779338639 | D15: 782545233 | E15: 200020601878
A16: 15 | B16: Passaperuma Arachchige Pramod Chathuranga | C16: 719134312 | E16: 951393916V
A17: 16 | B17: Navaraja Prabhashan | C17: 758789173 | D17: 778070220 | E17: 199524000096
A18: 17 | B18: Pullippu Vidana Maheema Yasaswi Weerasekara | C18: 774413827 | E18: 200730700797
A19: 18 | B19: Pramod Yasas Rangana | C19: 767380337 | E19: 200530400336
A20: 19 | B20: Batawalage Don Nethindu Ridmika Shakilan Harischandra | C20: 741887055 | D20: 711468939 | E20: 990751315V
A21: 20 | B21: R.Danoj Sandaruwan | C21: 771305961 | E21: 200134602424
A22: 21 | B22: Ediri Arachchige Sachith Nimantha Madhumadhawa | C22: 763568719 | E22: 200107502790
A23: 22 | B23: Nathage Dhanushka Madushan | C23: 743415806 | D23: 783253188 | E23: 200501502800
A24: 23 | B24: Sandul Sithmina Danthanarayana Rosairo | C24: 740978184 | E24: 200623700470
A25: 24 | B25: Sivaneththige Sehan Lakshitha | C25: 715428809 | E25: 200235801642
A26: 25 | B26: Don Siman Patabendige Senith Ninduwara | C26: 768498534 | E26: 200624400347
A27: 26 | B27: Wikash Rahul De Silwa Weerakkodi | C27: 711191463 | E27: 200532000368
A28: 27 | B28: Ganege Don Chathuranda Randika Abhayasinghe(Retro Shan) | C28: 779361743 | E28: 200332712802
A29: 28 | B29: Punchihewage Dilhan Lakshith | C29: 770157410 | E29: 200004001868
A30: 29 | B30: Nimasha Hansani Abesekara & A.Sachini Kaushalya | C30: 778551338 | E30: 200461401020
A31: 30 | B31: Kalubadanage Ravindu Sachintha Kalhara | C31: 782090547 | E31: 200128203490
A32: 31 | B32: Kodithuwakku Arachchige Chanaka Deshapriya | C32: 765538144 | E32: 200330112770
A33: 32 | B33: Isuru&Samitha | C33: 766874429 | D33: 712650654 | E33: 200002401011
A34: 33 | B34: Gamage Narthana Jananjaya Samaranayake | C34: 774451596 | E34: 199436504395
A35: 34 | B35: Samaramannage Pathum Shanaka Ranasinghe | C35: 717454424 | E35: 200019503520
A36: 35 | B36: Yasiru Banuka Abhaya Senarath | C36: 765926343 | E36: 200333112227
A37: 36 | B37: Ranhoti Asurappuli Gamage Yasiru Nimesh | C37: 705156467 | E37: 200027602477
A38: 37 | B38: Hadun Arachchige Ashen Kalpitha Liyanage | C38: 704962539 | E38: 200519404424
A39: 38 | B39: Marappuli Durage Dilshan Madhusanka Nipunajith | C39: 764504189 | E39: 990702047V
A40: 39 | B40: Hewa Magallagodage Kamal Sanjeewa | C40: 719647516 | E40: 199428601729
A41: 40 | B41: Dumindu Sachin Dilhara | C41: 787177482 | E41: 200023102250
A42: 41 | B42: Mahaliyanage Don Dilshan Pramodya Dewapriya | C42: 763046398 | E42: 200008900761
A43: 42 | B43: Gode Kankanamge Don Nishantha Karunathilake | C43: 702690881 | E43: 941710921V
A44: 43 | B44: Singappulige Pasindu Dilshan Premathilake | C44: 763248768 | E44: 200302201783
A45: 44 | B45: Hewa Geeganage Kaweesh Wijenayaka | C45: 717498485 | E45: 200706800306
... A56: 55 | B56: Hannagala Gamage Dilshan Shalitha (Dream Story) | C56: 763654459 | E56: 200402110413
A57: 56 | B57: Tharaka
A58: 57 | B58: Tharu Nimanka | C58: 763580045
A59: 58 | B59: W.D.A.P.Anuradha(Ovira Stories) | C59: 772473564 | E59: 200636602440
A60: 59 | B60: Dehiwala Liyanage Sachith Raviruwan | C60: 705277406 | E60: 200226700862
A61: 60 | B61: Abeynayaka Ravindra Lakshan | C61: 713448239 | E61: 200126802684
A62: 61 | B62: Waidyarathna Gamage Nishan Sajinthaka | C62: 712145155 | E62: 943181233V
A63: 62 | B63: Werahara Weerasekarage Ishan Thamodya | C63: 779593450 | E63: 200405810911
A64: 63 | B64: Samaranayaka Harshana Prasad | C64: 712005488 | D64: 767207500 | E64: 861630870V
A65: 64 | B65: Kuda Mannalage Keerthi Ranjith | C65: 762566936 | E65: 199226604420
A66: 65 | B66: Elle Kapuge Isuru Shamika Nayanajith | C66: 789355948 | E66: 982950872V
A67: 66 | B67: Nanayakkara Wewa kandambige Janith Lakshan | C67: 701756782 | E67: 973421786V
A68: 67 | B68: Hewa Gamage Dinath Sri Bodhika | C68: 704309258 | E68: 200513503922
A69: 68 | B69: Kodithuwakku Arachchige Ashen Eranda | C69: 761292448 | E69: 200027702448
A70: 69 | B70: Kapuru Pandithage Hasitha Gayan Wejesooriya | C70: 715790570 | E70: 910574310V
A71: 70 | B71: Nallaperuma Alahapperumage Don Ishan Udayanga | C71: 781916982 | E71: 2003205126
A72: 71 | B72: Madduma Gamage Hasal Dulanjana | E72: 200430301517
A73: 72 | B73: Widana Ralalage Sudeera sampath Kumara | C73: 779228134 | E73: 200324812021
A74: 73 | B74: Marappulige Upul Priyantha | C74: 777197600 | E74: 823593791v
A75: 74 | B75: Ambegoda Liyanage Sachith Madhawa | C75: 766027651 | E75: 983422217v
A76: 75 | B76: Hewa Thondilage Kasun Dilshan | C76: 703786534 | E76: 200323411819
A77: 76 | B77: Oruthota Dewage Malith Harsha Sandeepa Abeysinghe | C77: 775759103 | E77: 200500104245
A78: 77 | B78: Wawwe sittachcharige roshan hemantha | C78: 716563107 | E78: 199527102209
A79: 78 | B79: Jathungamage chanuka kaveera thathsara | C79: 781162228 | E79: 200628600877
A80: 79 | B80: Theligoda palliyaguruge tharindu madushanka | C80: 715133516 | E80: 199701901704
A81: 80 | B81: Sangeeth madhawa senanayaka | E81: 200212804411
A82: 81 | B82: Muththuwela gedarage dhanushka nuwan amarasinghe | C82: 717248179 | E82: 981840950
A83: 82 | B83: Rathnavibhushana gamacharige suranga sampath | C83: 715766526 | E83: 198122000470
A84: 83 | B84: Wanni arachchige nadeera hansamali | C84: 767548481 | D84: 717483099 | E84: 200258001178
A85: 84 | B85: Mutha meregngha sanuda vthsara | C85: 762879272 | E85: 200700301146
A86: 85 | B86: Jathunge sadeepa rithmal | C86: 767235366 | E86: 200712001940
A87: 86 | B87: Hitige miyuru heshan chathuranga | C87: 775507008 | E87: 912511782V
A88: 87 | B88: Wijenayaka kankanamge lahiru sandaruwan | C88: 789078455 | E88: 983193471V
A89: 88 | B89: kalindu geeshal | C89: 716942989
A90: 89 | B90: Balasooriya lekamlage naveen tharusha | C90: 705247003 | E90: 200823700060
A91: 90
A92: 91 | B92: Yahalewela vidanalage chamika sansaka siriwardana | C92: 754368225 | E92: 990801550V
A93: 92 | B93: Edirisinghe arachchige baggya devindi dunuwila | C93: 767569833 | E93: 2000865051
A94: 93 | B94: weerasinghe hettiarachchige roshan weerasinghe | C94: 772844681 | E94: 923410988V
A95: 94 | B95: Edirisinghe Kankanamge Thisara Roshitha | C95: 763916576 | E95: 199909401114
A96: 95 | B96: Prasad madusan witharana | C96: 763010088 | E96: 940493617V
A97: 96 | B97: Chathuranga lakshan Wickramaarachchi | C97: 786641216 | D97: 788558049 | E97: 199728102153
A98: 97 | B98: Hatharasinha Arachchige Aruna Janaka | C98: 702298375 | E98: 913521412v
A99: 98
A100: 99
A101: 100 | B101: Wanasekarage Dilanka Janith Sandaruwan(Owner) | C101: 768060667 | E101: me
A102: 101
A103: 102
A104: 103
A105: 104
A106: 105
A107: 106
A108: 107
A109: 108
A110: 109
...
